<?xml version="1.0" encoding="UTF-8"?>
<!DOCTYPE hibernate-configuration PUBLIC
		"-//Hibernate/Hibernate Configuration DTD 3.0//EN"
		"http://www.hibernate.org/dtd/hibernate-configuration-3.0.dtd">
<hibernate-configuration>
    <session-factory name="SessionFactory">
        <property name="hibernate.connection.driver_class">com.mysql.jdbc.Driver</property>
        <property name="hibernate.connection.password">neha</property>
        <property name="hibernate.connection.url">jdbc:mysql://localhost:3306/Airliner_Database</property>
        <property name="hibernate.connection.username">root</property>
        <property name="hibernate.dialect">org.hibernate.dialect.MySQL5Dialect</property>
  <property name="hibernate.show_sql">true</property>
  <property name="hibernate.hbm2ddl.auto">update</property>
         <mapping class="com.me.airliner.pojo.User"/>
         <mapping class="com.me.airliner.pojo.Airline"/>
         <mapping class="com.me.airliner.pojo.Airplane"/>
         <mapping class="com.me.airliner.pojo.City"/>
         <mapping class="com.me.airliner.pojo.Flight"/>
    </session-factory>
</hibernate-configuration>
