airline_id,flight_no,departure_city,arrival_city,departure_date,arrival_Date,totalEconomySeats,totalFirstSeats,totalBusinessSeats
1,E11,Austin,Mumbai,5/20/2018 12:00,5/21/2018 12:00,50,50,50
1,E12,Mumbai,Austin,5/25/2018 12:00,5/26/2018 12:00,50,50,50
1,E3,Mumbai,Dubai,5/25/2018 9:30,5/25/2018 11:30,50,50,50
1,E4,Dubai,Boston,5/25/2018 13:05,5/25/2018 22:05,50,50,50
1,E5,Mumbai,Boston,5/25/2018 12:00,5/25/2018 20:05,50,50,50
1,E6,Mumbai,London,5/25/2018 12:00,5/25/2018 16:30,50,50,50
1,E7,London,Boston,5/25/2018 17:30,5/25/2018 23:30,50,50,50
1,E8,Boston,Mumbai,5/30/2018 9:00,5/30/2018 21:30,50,50,50
1,E9,London,Boston,5/25/2018 14:30,5/25/2018 23:30,50,50,50
1,E10,Dubai,Mumbai,5/31/2018 9:00,5/31/2018 11:30,50,50,50
